{
  "m_GameObject": {
    "m_FileID": 0,
    "m_PathID": 0
  },
  "m_Enabled": 1,
  "m_Script": {
    "m_FileID": 0,
    "m_PathID": -3548205037916046689
  },
  "m_Name": "projectile",
  "signalDatas": [
    {
      "_animation": "atk01",
      "_frames": "3",
      "_param": "atk01"
    },
    {
      "_animation": "skill01",
      "_frames": "3",
      "_param": "skill01"
    }
  ],
  "eventDatas": [
    {
      "name": "atk01",
      "skillId": 280400,
      "startNode": "FxWeapon",
      "startNodeRandom": {
        "x": 0.0,
        "y": 0.0,
        "z": 0.0
      },
      "startNodeOffset": {
        "x": 0.0,
        "y": 0.0,
        "z": 0.0
      },
      "targetNode": "Chest_Dummy",
      "targetNodeRandom": {
        "x": 0.0,
        "y": 0.0,
        "z": 0.0
      },
      "targetNodeOffset": {
        "x": 0.0,
        "y": 0.0,
        "z": 0.0
      },
      "projectileSkinPath": {
        "pathObject": "Assets/_Bundle/GameResource/FX/ChracterFx/turret_GalaticRequblic/turret_GalaticRequblic_projectile.prefab",
        "_guid": "59a63558e0429724c9718bc3ffc295bb"
      },
      "projectileSkin2Path": {
        "pathObject": "",
        "_guid": ""
      },
      "projectileEffectPath": {
        "pathObject": "",
        "_guid": ""
      },
      "hitSfx": {
        "m_FileID": 0,
        "m_PathID": 1769366183045898867
      },
      "hitEffectPath": {
        "pathObject": "Assets/_Bundle/GameResource/FX/ChracterFx/turret_GalaticRequblic/turret_GalaticRequblic_hit.prefab",
        "_guid": "e1222add4a0ddb34d89df2b9db48c38d"
      },
      "destroyEffectPath": {
        "pathObject": "",
        "_guid": ""
      },
      "explosionEffectPath": {
        "pathObject": "",
        "_guid": ""
      },
      "blockEffectPath": {
        "pathObject": "",
        "_guid": ""
      },
      "hitShader": 1,
      "lookAt": 1,
      "useCulling": 1,
      "time": 0.031,
      "moveToTarget": 0,
      "X_Path": {
        "m_Curve": [
          {
            "time": 0.0,
            "value": 0.0,
            "inSlope": 0.0,
            "outSlope": 0.0
          },
          {
            "time": 1.0,
            "value": 0.0,
            "inSlope": 0.0,
            "outSlope": 0.0
          }
        ],
        "m_PreInfinity": 2,
        "m_PostInfinity": 2,
        "m_RotationOrder": 0
      },
      "Y_Path": {
        "m_Curve": [
          {
            "time": 0.0,
            "value": 0.0,
            "inSlope": 0.0,
            "outSlope": 0.0
          },
          {
            "time": 1.0,
            "value": 0.0,
            "inSlope": 0.0,
            "outSlope": 0.0
          }
        ],
        "m_PreInfinity": 2,
        "m_PostInfinity": 2,
        "m_RotationOrder": 0
      },
      "acceleration": {
        "m_Curve": [
          {
            "time": 0.0,
            "value": 1.0,
            "inSlope": 0.0,
            "outSlope": 0.0
          },
          {
            "time": 1.0,
            "value": 1.0,
            "inSlope": 0.0,
            "outSlope": 0.0
          }
        ],
        "m_PreInfinity": 2,
        "m_PostInfinity": 2,
        "m_RotationOrder": 0
      },
      "interpolation": {
        "m_Curve": [
          {
            "time": 0.0,
            "value": 0.0,
            "inSlope": 1.0,
            "outSlope": 1.0
          },
          {
            "time": 1.0,
            "value": 1.0,
            "inSlope": 1.0,
            "outSlope": 1.0
          }
        ],
        "m_PreInfinity": 2,
        "m_PostInfinity": 2,
        "m_RotationOrder": 0
      }
    },
    {
      "name": "skill01",
      "skillId": 280410,
      "startNode": "FxWeapon",
      "startNodeRandom": {
        "x": 0.0,
        "y": 0.0,
        "z": 0.0
      },
      "startNodeOffset": {
        "x": 0.0,
        "y": 0.0,
        "z": 0.0
      },
      "targetNode": "Chest_Dummy",
      "targetNodeRandom": {
        "x": 0.0,
        "y": 0.0,
        "z": 0.0
      },
      "targetNodeOffset": {
        "x": 0.0,
        "y": 0.0,
        "z": 0.0
      },
      "projectileSkinPath": {
        "pathObject": "Assets/_Bundle/GameResource/FX/ChracterFx/turret_GalaticRequblic/turret_GalaticRequblic_projectile.prefab",
        "_guid": "59a63558e0429724c9718bc3ffc295bb"
      },
      "projectileSkin2Path": {
        "pathObject": "",
        "_guid": ""
      },
      "projectileEffectPath": {
        "pathObject": "",
        "_guid": ""
      },
      "hitSfx": {
        "m_FileID": 0,
        "m_PathID": 1769366183045898867
      },
      "hitEffectPath": {
        "pathObject": "Assets/_Bundle/GameResource/FX/ChracterFx/turret_GalaticRequblic/turret_GalaticRequblic_hit.prefab",
        "_guid": "e1222add4a0ddb34d89df2b9db48c38d"
      },
      "destroyEffectPath": {
        "pathObject": "",
        "_guid": ""
      },
      "explosionEffectPath": {
        "pathObject": "",
        "_guid": ""
      },
      "blockEffectPath": {
        "pathObject": "",
        "_guid": ""
      },
      "hitShader": 1,
      "lookAt": 1,
      "useCulling": 1,
      "time": 0.031,
      "moveToTarget": 0,
      "X_Path": {
        "m_Curve": [
          {
            "time": 0.0,
            "value": 0.0,
            "inSlope": 0.0,
            "outSlope": 0.0
          },
          {
            "time": 1.0,
            "value": 0.0,
            "inSlope": 0.0,
            "outSlope": 0.0
          }
        ],
        "m_PreInfinity": 2,
        "m_PostInfinity": 2,
        "m_RotationOrder": 0
      },
      "Y_Path": {
        "m_Curve": [
          {
            "time": 0.0,
            "value": 0.0,
            "inSlope": 0.0,
            "outSlope": 0.0
          },
          {
            "time": 1.0,
            "value": 0.0,
            "inSlope": 0.0,
            "outSlope": 0.0
          }
        ],
        "m_PreInfinity": 2,
        "m_PostInfinity": 2,
        "m_RotationOrder": 0
      },
      "acceleration": {
        "m_Curve": [
          {
            "time": 0.0,
            "value": 1.0,
            "inSlope": 0.0,
            "outSlope": 0.0
          },
          {
            "time": 1.0,
            "value": 1.0,
            "inSlope": 0.0,
            "outSlope": 0.0
          }
        ],
        "m_PreInfinity": 2,
        "m_PostInfinity": 2,
        "m_RotationOrder": 0
      },
      "interpolation": {
        "m_Curve": [
          {
            "time": 0.0,
            "value": 0.0,
            "inSlope": 1.0,
            "outSlope": 1.0
          },
          {
            "time": 1.0,
            "value": 1.0,
            "inSlope": 1.0,
            "outSlope": 1.0
          }
        ],
        "m_PreInfinity": 2,
        "m_PostInfinity": 2,
        "m_RotationOrder": 0
      }
    }
  ]
}