{
  "m_GameObject": {
    "m_FileID": 0,
    "m_PathID": 4503261369254637675
  },
  "m_Enabled": 1,
  "m_Script": {
    "m_FileID": 0,
    "m_PathID": -6365865204185743929
  },
  "m_Name": "",
  "GlobalSpeed": 1.0,
  "AnimSpeeds": [
    {
      "path": "anim_battle/turret_GalaticRequblic_01/atk01.anim",
      "speed": 1.0
    },
    {
      "path": "anim_battle/turret_GalaticRequblic_01/die01.anim",
      "speed": 1.0
    },
    {
      "path": "anim_battle/turret_GalaticRequblic_01/skill01.anim",
      "speed": 1.0
    },
    {
      "path": "anim_battle/turret_GalaticRequblic_01/wait.anim",
      "speed": 1.0
    }
  ],
  "animmap_state_anim_key": [
    "idle",
    "entry",
    "stun",
    "hit",
    "die01",
    "die02"
  ],
  "animmap_state_anim_value": [
    "wait",
    "wait",
    "",
    "",
    "die01",
    "die01"
  ]
}