{
  "m_GameObject": {
    "m_FileID": 0,
    "m_PathID": 0
  },
  "m_Enabled": 1,
  "m_Script": {
    "m_FileID": 0,
    "m_PathID": -8648694716236653494
  },
  "m_Name": "camera",
  "signalDatas": [
    {
      "_animation": "die01",
      "_frames": "0",
      "_param": "die01_shake"
    }
  ],
  "eventDatas": [
    {
      "name": "die01_shake",
      "camera_signal_type": 0,
      "OnlyApplyMe": 0,
      "curve_x": {
        "m_Curve": [
          {
            "time": 0.0,
            "value": 0.0,
            "inSlope": 4.0,
            "outSlope": 4.0
          },
          {
            "time": 0.1,
            "value": 0.4,
            "inSlope": 0.0,
            "outSlope": 0.0
          },
          {
            "time": 0.25,
            "value": -0.25,
            "inSlope": 0.0,
            "outSlope": 0.0
          },
          {
            "time": 0.55,
            "value": 0.15,
            "inSlope": 0.0,
            "outSlope": 0.0
          },
          {
            "time": 0.8,
            "value": -0.05,
            "inSlope": 0.0,
            "outSlope": 0.0
          },
          {
            "time": 1.0,
            "value": 0.0,
            "inSlope": 0.25000003,
            "outSlope": 0.25000003
          }
        ],
        "m_PreInfinity": 2,
        "m_PostInfinity": 2,
        "m_RotationOrder": 0
      },
      "curve_y": {
        "m_Curve": [
          {
            "time": 0.0,
            "value": 0.0,
            "inSlope": -8.0,
            "outSlope": -8.0
          },
          {
            "time": 0.1,
            "value": -0.8,
            "inSlope": 0.0,
            "outSlope": 0.0
          },
          {
            "time": 0.25,
            "value": 0.5,
            "inSlope": 0.0,
            "outSlope": 0.0
          },
          {
            "time": 0.55,
            "value": -0.3,
            "inSlope": 0.0,
            "outSlope": 0.0
          },
          {
            "time": 0.8,
            "value": 0.10000001,
            "inSlope": 0.0,
            "outSlope": 0.0
          },
          {
            "time": 1.0,
            "value": 0.0,
            "inSlope": -0.50000006,
            "outSlope": -0.50000006
          }
        ],
        "m_PreInfinity": 2,
        "m_PostInfinity": 2,
        "m_RotationOrder": 0
      },
      "curve_z": {
        "m_Curve": [
          {
            "time": 0.0,
            "value": 0.0,
            "inSlope": 0.0,
            "outSlope": 0.0
          },
          {
            "time": 1.0,
            "value": 0.0,
            "inSlope": 0.0,
            "outSlope": 0.0
          }
        ],
        "m_PreInfinity": 2,
        "m_PostInfinity": 2,
        "m_RotationOrder": 0
      },
      "curve_zoom": {
        "m_Curve": [
          {
            "time": 0.0,
            "value": 0.0,
            "inSlope": 0.0,
            "outSlope": 0.0
          },
          {
            "time": 1.0,
            "value": 0.0,
            "inSlope": 0.0,
            "outSlope": 0.0
          }
        ],
        "m_PreInfinity": 2,
        "m_PostInfinity": 2,
        "m_RotationOrder": 0
      },
      "length": 0.4,
      "Distance": 0.0,
      "Height": 0.0,
      "Fov": 0.0,
      "ZoomLerpTime": 0.0,
      "ZoomStayTime": 0.0,
      "offset": {
        "x": 0.0,
        "y": 0.0,
        "z": 0.0
      }
    }
  ]
}