{
  "m_GameObject": {
    "m_FileID": 0,
    "m_PathID": 3253964055264561272
  },
  "m_Enabled": 1,
  "m_Script": {
    "m_FileID": 0,
    "m_PathID": 85114648880728417
  },
  "m_Name": "",
  "eventAsset": {
    "m_FileID": 0,
    "m_PathID": 0
  },
  "towerThemes": [
    {
      "m_FileID": 0,
      "m_PathID": -1807730667599846435
    },
    {
      "m_FileID": 0,
      "m_PathID": -480438526877079635
    },
    {
      "m_FileID": 0,
      "m_PathID": 8582037895131469766
    },
    {
      "m_FileID": 0,
      "m_PathID": 6302752284086336913
    },
    {
      "m_FileID": 0,
      "m_PathID": -4354501505773239496
    },
    {
      "m_FileID": 0,
      "m_PathID": -8759633551926813345
    },
    {
      "m_FileID": 0,
      "m_PathID": 2249023167045057089
    },
    {
      "m_FileID": 0,
      "m_PathID": -625355219581789025
    },
    {
      "m_FileID": 0,
      "m_PathID": -828246617339388316
    },
    {
      "m_FileID": 0,
      "m_PathID": 2810073783841884825
    }
  ]
}