{
  "m_GameObject": {
    "m_FileID": 0,
    "m_PathID": 0
  },
  "m_Enabled": 1,
  "m_Script": {
    "m_FileID": 0,
    "m_PathID": 9174515185834609866
  },
  "m_Name": "sound",
  "signalDatas": [
    {
      "_animation": "atk01",
      "_frames": "3",
      "_param": "atk01",
      "_forced": 1
    },
    {
      "_animation": "skill01",
      "_frames": "3",
      "_param": "atk01",
      "_forced": 1
    },
    {
      "_animation": "die01",
      "_frames": "0",
      "_param": "die01",
      "_forced": 1
    }
  ],
  "eventDatas": [
    {
      "name": "atk01",
      "clip": {
        "m_FileID": 0,
        "m_PathID": 4627175767177990328
      },
      "listnerVolumeCurve": {
        "m_Curve": [],
        "m_PreInfinity": 2,
        "m_PostInfinity": 2,
        "m_RotationOrder": 4
      },
      "curveTime": 0.0,
      "useUISoundOnSelf": 0
    },
    {
      "name": "die01",
      "clip": {
        "m_FileID": 0,
        "m_PathID": -1644797862557165972
      },
      "listnerVolumeCurve": {
        "m_Curve": [],
        "m_PreInfinity": 2,
        "m_PostInfinity": 2,
        "m_RotationOrder": 4
      },
      "curveTime": 0.0,
      "useUISoundOnSelf": 0
    }
  ]
}